smiles,ylds,DPS
CC(C)(C)c1ccc(O)c(C(C)(C)C)c1,56.0,0.6696000000000001
C=CCc1ccc(O)c(OC)c1,73.0,0.7822
COc1ccc(O)cc1,75.0,0.8987
COc1ccc(O)c(C(C)(C)C)c1,80.0,0.8823000000000001
COc1cc(C)ccc1O,95.0,0.8752
Cc1ccc(O)c(C)c1,46.0,0.7966666666666665
Cc1ccc(O)c(C(C)(C)C)c1,50.0,0.8433999999999999
CC(=O)Nc1ccc(O)cc1,47.0,0.3765000000000001
Oc1ccc(OCc2ccccc2)cc1,71.0,0.8031313131313131
COc1cc(C(C)=O)ccc1O,0.0,0.3447
Oc1ccc(Cl)cc1Cl,0.0,0.12190000000000001
