smiles,ylds,DPS
CC(C)(C)c1ccc(O)c(C(C)(C)C)c1,56.0,0.6683954847873719
C=CCc1ccc(O)c(OC)c1,73.0,0.27799867426278446
COc1ccc(O)cc1,75.0,0.5558556709985312
COc1ccc(O)c(C(C)(C)C)c1,80.0,0.7384802244056065
COc1cc(C)ccc1O,95.0,0.6189858302336942
Cc1ccc(O)c(C)c1,46.0,0.5758550683505202
Cc1ccc(O)c(C(C)(C)C)c1,50.0,0.7843964570373
CC(=O)Nc1ccc(O)cc1,47.0,0.14173323607958824
Oc1ccc(OCc2ccccc2)cc1,71.0,0.096059913616896
COc1cc(C(C)=O)ccc1O,0.0,0.3507043423949936
Oc1ccc(Cl)cc1Cl,0.0,0.264589570709731
