Index,SMILES,HOMO
1,Oc1ccccc1,-7.612933378000001
2,Nc1ccccc1O,-7.386262416000001
3,Cc1ccccc1O,-7.45320246
